<?xml version="1.0"?>
<doc>
    <assembly>
        <name>STTech.CodePlus</name>
    </assembly>
    <members>
        <member name="M:System.Collections.Generic.BytesExtensions.ToHexCodeString(System.Collections.Generic.IEnumerable{System.Byte})">
            <summary>
            转换为16进制代码格式的字符串
            例如：0xFF,0xA1,0xA2,0xB1,0xB2
            </summary>
            <param name="data"></param>
            <returns></returns>
        </member>
        <member name="M:System.Collections.Generic.BytesExtensions.ToHexString(System.Collections.Generic.IEnumerable{System.Byte},System.String)">
            <summary>
            转换为16进制的字符串
            </summary>
            <param name="data"></param>
            <returns></returns>
        </member>
        <member name="M:System.Collections.Generic.BytesExtensions.ToBase64String(System.Collections.Generic.IEnumerable{System.Byte})">
            <summary>
            转Base64字符串
            </summary>
            <param name="data"></param>
            <returns></returns>
        </member>
        <member name="M:System.Collections.Generic.BytesExtensions.EncodeToString(System.Collections.Generic.IEnumerable{System.Byte},System.String)">
            <summary>
            转为指定编码(默认UTF-8)的字符串
            </summary>
            <param name="data"></param>
            <param name="encode"></param>
            <returns></returns>
        </member>
        <member name="M:System.Collections.Generic.BytesExtensions.GetMD5(System.Collections.Generic.IEnumerable{System.Byte})">
            <summary>
            计算字节数组的MD5值
            </summary>
            <param name="data"></param>
            <returns></returns>
        </member>
        <member name="M:System.Collections.Generic.BytesExtensions.GetMD5String(System.Collections.Generic.IEnumerable{System.Byte},System.Boolean)">
            <summary>
            计算字节数组的MD5值
            </summary>
            <param name="data"></param>
            <param name="capital">是否转换为大写字母，true为大写，false为小写</param>
            <returns>MD5字符串</returns>
        </member>
        <member name="M:System.Collections.Generic.BytesExtensions.CheckSum(System.Collections.Generic.IEnumerable{System.Byte})">
            <summary>
            和校验
            </summary>
            <param name="data"></param>
            <returns></returns>
        </member>
        <member name="M:System.Collections.Generic.BytesExtensions.PadRight(System.Collections.Generic.IEnumerable{System.Byte},System.Int32,System.Byte)">
            <summary>
            从右填充
            </summary>
            <param name="data"></param>
            <param name="len">填充后总长度</param>
            <param name="placeholder">占位符</param>
            <returns></returns>
        </member>
        <member name="M:System.Collections.Generic.BytesExtensions.PadLeft(System.Collections.Generic.IEnumerable{System.Byte},System.Int32,System.Byte)">
            <summary>
            从左填充
            </summary>
            <param name="data"></param>
            <param name="len">填充后总长度</param>
            <param name="placeholder">占位符</param>
            <returns></returns>
        </member>
        <member name="M:System.Collections.Generic.DictionaryExtensions.ContainsKeyAndValueNotNull(System.Collections.IDictionary,System.Object)">
            <summary>
            字典中包含键值且值不为空
            </summary>
            <param name="dict">字典</param>
            <param name="key">键名</param>
            <returns>是否包含键名且值不为空</returns>
        </member>
        <member name="M:System.Collections.Generic.DictionaryExtensions.GetValue(System.Collections.IDictionary,System.Object,System.Object)">
            <summary>
            从字典中获取值
            如果指定的键值不存在或值为空则先赋指定的值
            </summary>
            <param name="dict"></param>
            <param name="key"></param>
            <param name="value"></param>
        </member>
        <member name="M:System.Collections.Generic.DictionaryExtensions.RemoveFromKeys(System.Collections.IDictionary,System.Collections.IEnumerable)">
            <summary>
            从字典中移除键名集合中存在的项
            </summary>
            <param name="dict"></param>
            <param name="keys">要移除的键名集合</param>
        </member>
        <member name="M:System.Collections.Generic.DictionaryExtensions.RemoveOutsideKeys(System.Collections.IDictionary,System.Collections.IEnumerable)">
            <summary>
            从字典中移除键名集合中不存在的项
            </summary>
            <param name="dict"></param>
            <param name="keys">要保留的键名集合</param>
        </member>
        <member name="M:System.Collections.Generic.IEnumerableExtensions.Slice``1(System.Collections.Generic.IEnumerable{``0},System.Int32)">
            <summary>
            等尺寸分片
            </summary>
            <typeparam name="T"></typeparam>
            <param name="data"></param>
            <param name="blockSize">每部分的最大长度</param>
            <returns></returns>
        </member>
        <member name="M:System.Collections.Generic.IEnumerableExtensions.Balance``1(System.Collections.Generic.IEnumerable{``0},System.Int32)">
            <summary>
            平均分成多组
            </summary>
            <typeparam name="T"></typeparam>
            <param name="data"></param>
            <param name="blockCount">分组数量</param>
            <returns></returns>
        </member>
        <member name="M:System.Collections.Generic.IEnumerableExtensions.Merge``1(System.Collections.Generic.IEnumerable{``0},System.Collections.Generic.IEnumerable{``0}[])">
            <summary>
            合并字节数组
            </summary>
            <param name="data">原数据(允许为空)</param>
            <param name="append">追加数据</param>
            <returns></returns>
        </member>
        <member name="M:System.Collections.Generic.IEnumerableExtensions.StartWith``1(System.Collections.Generic.IEnumerable{``0},System.Collections.Generic.IEnumerable{``0})">
            <summary>
            判断起始部分是否一致
            </summary>
            <typeparam name="T"></typeparam>
            <param name="source"></param>
            <param name="bytes"></param>
            <returns></returns>
        </member>
        <member name="M:System.Collections.Generic.QueueExtensions.Discard``1(System.Collections.Generic.Queue{``0},System.Int32)">
            <summary>
            抛弃超出指定长度的数据
            </summary>
            <typeparam name="T"></typeparam>
            <param name="queue"></param>
            <param name="len"></param>
            <returns></returns>
        </member>
        <member name="M:System.IO.FileInfoExtensions.GetMD5ForLargeFile(System.IO.FileInfo)">
            <summary>
            获取大文件的MD5值
            通过文件流的方式读取，可支持大文件
            </summary>
            <param name="fi"></param>
            <returns></returns>
        </member>
        <member name="M:System.IO.FileInfoExtensions.GetMD5ForSmallFile(System.IO.FileInfo)">
            <summary>
            获取文件的MD5值
            一次读入内存，建议小文件使用
            </summary>
            <param name="fi"></param>
            <returns></returns>
        </member>
        <member name="M:System.IO.FileInfoExtensions.GetMD5(System.IO.FileInfo)">
            <summary>
            获取文件的MD5值
            </summary>
            <param name="fi"></param>
            <returns></returns>
        </member>
        <member name="M:System.IO.FileInfoExtensions.MakeDirectories(System.IO.FileInfo)">
            <summary>
            创建文件的多级目录
            </summary>
            <param name="fi"></param>
        </member>
        <member name="M:System.Threading.Tasks.MultiTask.Run``1(System.Collections.Generic.IEnumerable{``0},System.Int32,System.Action{``0})">
            <summary>
            开启多个线程处理一组数据
            </summary>
            <typeparam name="T"></typeparam>
            <param name="objects">待处理数据</param>
            <param name="threadCount">线程数</param>
            <param name="handler">单个数据对象的处理过程</param>
        </member>
        <member name="T:System.StringExtensions">
            <summary>
            字符串类型的扩展
            </summary>
        </member>
        <member name="M:System.StringExtensions.GetMD5String(System.String,System.String)">
            <summary>
            获取字符串的MD5值
            </summary>
            <param name="input">源字符串</param>
            <returns>MD5字符串</returns>
        </member>
        <member name="M:System.StringExtensions.GetMD5(System.String,System.String)">
            <summary>
            计算字符串的MD5
            </summary>
            <param name="input"></param>
            <param name="encodeName"></param>
            <returns></returns>
        </member>
        <member name="M:System.StringExtensions.GetBytes(System.String,System.String)">
            <summary>
            获取字符串的字节数组(默认UTF-8)
            </summary>
            <param name="str"></param>
            <param name="encodeName"></param>
            <returns></returns>
        </member>
        <member name="M:System.StringExtensions.HexStringToBytes(System.String)">
            <summary>
            16进制字符串转byte数组
            </summary>
            <param name="hexString">16进制字符</param>
            <returns></returns>
        </member>
        <member name="M:System.StringExtensions.MiddleExcerpt(System.String,System.String,System.String)">
            <summary>
            截取字符串中间段
            </summary>
            <param name="sourse"></param>
            <param name="startTag">起始标记</param>
            <param name="endTag">结束标记</param>
            <returns></returns>
        </member>
        <member name="M:System.StringExtensions.IsometricInsert(System.String,System.Int32,System.String)">
            <summary>
            等距插入
            </summary>
            <param name="source"></param>
            <param name="size">间隔长度</param>
            <param name="value">插入字符串</param>
            <returns></returns>
        </member>
        <member name="M:System.StringExtensions.Slice(System.String,System.Int32)">
            <summary>
            等尺寸分片
            </summary>
            <param name="source"></param>
            <param name="size"></param>
            <returns></returns>
        </member>
        <member name="M:System.StringExtensions.Times(System.String,System.Int32)">
            <summary>
            使字符串重复{times}次
            </summary>
            <param name="source"></param>
            <param name="times">重复次数，当值为0时返回值为空</param>
            <returns></returns>
        </member>
        <member name="M:System.StringExtensions.Times(System.Char,System.Int32)">
            <summary>
            使字符重复{times}次
            </summary>
            <param name="source"></param>
            <param name="times">重复次数，当值为0时返回值为空</param>
            <returns></returns>
        </member>
        <member name="M:System.StringExtensions.Combine(System.Collections.Generic.IEnumerable{System.String},System.String)">
            <summary>
            合并成字符串
            </summary>
            <param name="source"></param>
            <param name="joinString"></param>
            <returns></returns>
        </member>
        <member name="M:System.StringExtensions.Replace(System.String,System.Collections.Generic.Dictionary{System.String,System.String})">
            <summary>
            根据字典替换字符串
            </summary>
            <param name="source"></param>
            <param name="dictionary"></param>
            <returns></returns>
        </member>
        <member name="M:System.StringExtensions.Wildcard(System.String,System.String)">
            <summary>
            通配符比较
            </summary>
            <param name="source"></param>
            <param name="wildcard"></param>
            <returns></returns>
        </member>
        <member name="T:System.TaskExtensions">
            <summary>
            Task扩展
            </summary>
        </member>
        <member name="M:System.TaskExtensions.WaitResult``1(System.Threading.Tasks.Task{``0},System.Action{System.Threading.Tasks.TaskStatus,``0})">
            <summary>
            等待任务结束，在回调中处理结果
            </summary>
            <typeparam name="T">Task返回值类型</typeparam>
            <param name="task">任务对象</param>
            <param name="callback">处理结果的回调</param>
            <returns></returns>
        </member>
        <member name="M:System.TypeExtensions.ToEnum``1(System.String,``0)">
            <summary>
            转枚举类型
            </summary>
            <typeparam name="T">指定枚举类型</typeparam>
            <param name="enumName">枚举名称</param>
            <returns></returns>
        </member>
        <member name="T:System.Xml.Linq.XmlExtension">
            <summary>
            XML扩展
            </summary>
        </member>
        <member name="M:System.Xml.Linq.XmlExtension.GetParents(System.Xml.Linq.XObject)">
            <summary>
            获取父节点路径
            </summary>
            <param name="xobj"></param>
            <returns></returns>
        </member>
        <member name="M:System.Xml.Linq.XmlExtension.GetRoute(System.Xml.Linq.XObject,System.String)">
            <summary>
            获取路径
            </summary>
            <param name="xobj"></param>
            <param name="separator"></param>
            <returns></returns>
        </member>
        <member name="M:System.Xml.Linq.XmlExtension.FindObjects(System.Xml.Linq.XElement,System.String)">
            <summary>
            根据路径获取节点集合
            </summary>
            <param name="elem"></param>
            <param name="path"></param>
            <returns></returns>
        </member>
        <member name="T:STTech.CodePlus.Extensions.FindResult">
            <summary>
            查找结果
            </summary>
        </member>
        <member name="P:STTech.CodePlus.Extensions.FindResult.NodePath">
            <summary>
            节点路径
            </summary>
        </member>
        <member name="P:STTech.CodePlus.Extensions.FindResult.Items">
            <summary>
            结果
            </summary>
        </member>
        <member name="T:STTech.CodePlus.Extensions.FindItem">
            <summary>
            查找项
            </summary>
        </member>
        <member name="P:STTech.CodePlus.Extensions.FindItem.IsSuccess">
            <summary>
            是否成功
            </summary>
        </member>
        <member name="P:STTech.CodePlus.Extensions.FindItem.Node">
            <summary>
            
            </summary>
        </member>
        <member name="P:STTech.CodePlus.Extensions.FindItem.Value">
            <summary>
            
            </summary>
        </member>
        <member name="P:STTech.CodePlus.Extensions.FindItem.Exception">
            <summary>
            
            </summary>
        </member>
        <member name="P:STTech.CodePlus.Extensions.FindItem.Route">
            <summary>
            路径
            </summary>
        </member>
        <member name="T:STTech.CodePlus.Extensions.NodeNotFoundException">
            <summary>
            未找到节点异常
            </summary>
        </member>
    </members>
</doc>
