<?xml version="1.0"?>
<doc>
    <assembly>
        <name>STTech.BytesIO.Tcp</name>
    </assembly>
    <members>
        <member name="P:STTech.BytesIO.Tcp.ITcpClient.IsConnected">
            <summary>
            是否已连接
            </summary>
        </member>
        <member name="P:STTech.BytesIO.Tcp.ITcpClient.LocalPort">
            <summary>
            本地端口号
            </summary>
        </member>
        <member name="P:STTech.BytesIO.Tcp.ITcpClient.Host">
             <summary>
            远程主机网络地址
             </summary>
        </member>
        <member name="P:STTech.BytesIO.Tcp.ITcpClient.Port">
            <summary>
            远程主机端口号
            </summary>
        </member>
        <member name="P:STTech.BytesIO.Tcp.ITcpClient.ReceiveBufferSize">
            <summary>
            接受缓存区大小（默认64kb）
            </summary>
        </member>
        <member name="P:STTech.BytesIO.Tcp.ITcpClient.SendBufferSize">
            <summary>
            发送缓存区大小（默认32kb）
            </summary>
        </member>
        <member name="T:STTech.BytesIO.Tcp.TlsVerifySuccessfullyHandler">
            <summary>
            TLS通信验证通过委托类型
            </summary>
            <param name="sender"></param>
            <param name="e"></param>
        </member>
        <member name="E:STTech.BytesIO.Tcp.ITcpSSL.OnTlsVerifySuccessfully">
            <summary>
            TLS验证成功事件
            </summary>
        </member>
        <member name="P:STTech.BytesIO.Tcp.ITcpSSL.UseSsl">
            <summary>
            启用SSL通信
            </summary>
        </member>
        <member name="P:STTech.BytesIO.Tcp.ITcpSSL.ServerCertificateName">
            <summary>
            服务端证书名称
            </summary>
        </member>
        <member name="P:STTech.BytesIO.Tcp.ITcpSSL.Certificate">
            <summary>
            证书文件
            </summary>
        </member>
        <member name="P:STTech.BytesIO.Tcp.ITcpSSL.SslProtocol">
            <summary>
            Tls协议版本
            默认为Tls1.2
            </summary>
        </member>
        <member name="P:STTech.BytesIO.Tcp.ITcpSSL.SslStream">
            <summary>
            SSL通信流
            </summary>
        </member>
        <member name="M:STTech.BytesIO.Tcp.ITcpSSL.PerformTlsVerifySuccessfully(System.Object,STTech.BytesIO.Tcp.Entity.TlsVerifySuccessfullyEventArgs)">
            <summary>
            触发TLS通信验证通过事件
            </summary>
            <param name="sender"></param>
            <param name="e"></param>
        </member>
        <member name="T:STTech.BytesIO.Tcp.TcpClient">
            <summary>
            SSL加密通信实现部分
            </summary>
        </member>
        <member name="F:STTech.BytesIO.Tcp.TcpClient.innerClient">
            <summary>
            内部TCP客户端
            </summary>
        </member>
        <member name="F:STTech.BytesIO.Tcp.TcpClient.socketDataReceiveBuffer">
            <summary>
            接受缓存区
            </summary>
        </member>
        <member name="P:STTech.BytesIO.Tcp.TcpClient.ReceiveBufferSize">
            <summary>
            接受缓存区大小（默认64kb）
            </summary>
        </member>
        <member name="P:STTech.BytesIO.Tcp.TcpClient.SendBufferSize">
            <summary>
            发送缓存区大小（默认32kb）
            </summary>
        </member>
        <member name="P:STTech.BytesIO.Tcp.TcpClient.Host">
             <summary>
            远程主机网络地址
             </summary>
        </member>
        <member name="P:STTech.BytesIO.Tcp.TcpClient.Port">
            <summary>
            远程主机端口号
            </summary>
        </member>
        <member name="P:STTech.BytesIO.Tcp.TcpClient.IsConnected">
            <summary>
            是否已连接
            </summary>
        </member>
        <member name="P:STTech.BytesIO.Tcp.TcpClient.LocalPort">
            <summary>
            本地端口号
            </summary>
        </member>
        <member name="M:STTech.BytesIO.Tcp.TcpClient.Connect">
            <summary>
            异步建立连接
            </summary>
        </member>
        <member name="E:STTech.BytesIO.Tcp.TcpClient.OnTlsVerifySuccessfully">
            <summary>
            TLS通信验证通过委托事件
            </summary>
        </member>
        <member name="P:STTech.BytesIO.Tcp.TcpClient.UseSsl">
            <summary>
            启用SSL通信
            </summary>
        </member>
        <member name="P:STTech.BytesIO.Tcp.TcpClient.ServerCertificateName">
            <summary>
            服务端证书名称
            </summary>
        </member>
        <member name="P:STTech.BytesIO.Tcp.TcpClient.Certificate">
            <summary>
            证书文件
            </summary>
        </member>
        <member name="P:STTech.BytesIO.Tcp.TcpClient.SslProtocol">
            <summary>
            Tls协议版本
            默认为Tls1.2
            </summary>
        </member>
        <member name="P:STTech.BytesIO.Tcp.TcpClient.SslStream">
            <summary>
            SSL通信流
            </summary>
        </member>
        <member name="P:STTech.BytesIO.Tcp.TcpClient.RemoteCertificateValidationHandle">
            <summary>
            远端证书验证委托
            </summary>
        </member>
        <member name="P:STTech.BytesIO.Tcp.TcpClient.LocalCertificateSelectionHandle">
            <summary>
            本地证书验证委托
            </summary>
        </member>
        <member name="M:STTech.BytesIO.Tcp.TcpClient.PerformTlsVerifySuccessfully(System.Object,STTech.BytesIO.Tcp.Entity.TlsVerifySuccessfullyEventArgs)">
            <summary>
            执行TLS通信验证通过事件的委托回调
            </summary>
            <param name="sender"></param>
            <param name="e"></param>
        </member>
        <member name="M:STTech.BytesIO.Tcp.TcpClient.RemoteCertificateValidateCallback(System.Object,System.Security.Cryptography.X509Certificates.X509Certificate,System.Security.Cryptography.X509Certificates.X509Chain,System.Net.Security.SslPolicyErrors)">
            <summary>
            验证远端证书
            关于安全策略错误的枚举，可以参考文档：https://docs.microsoft.com/zh-cn/dotnet/api/system.net.security.sslpolicyerrors
            </summary>
            <returns>验证是否通过</returns>
        </member>
        <member name="M:STTech.BytesIO.Tcp.TcpClient.LocalCertificateSelectionCallback(System.Object,System.String,System.Security.Cryptography.X509Certificates.X509CertificateCollection,System.Security.Cryptography.X509Certificates.X509Certificate,System.String[])">
            <summary>
            选择用于身份验证的本地安全套接字层 (SSL) 证书
            关于LocalCertificateSelectionCallback委托的文档：https://docs.microsoft.com/zh-cn/dotnet/api/system.net.security.localcertificateselectioncallback?view=netstandard-2.0
            </summary>
            <param name="sender">此验证的状态信息</param>
            <param name="targetHost">客户端指定的主机服务器</param>
            <param name="localCertificates">包含本地证书</param>
            <param name="remoteCertificate">用于对远程方进行身份验证的证书</param>
            <param name="acceptableIssuers">远程方可接受的证书颁发者的 String 数组</param>
            <returns></returns>
        </member>
    </members>
</doc>
